id,category,authorised_value,lib,lib_opac,imageurl
1620,146a,a,Musique vocale a cappella,,
1621,146a,b,Musique instrumentale,,
1622,146a,c,Musique vocale et instrumentale,,
1623,146a,d,Musique électroacoustique,,
1624,146a,e,Musique mixée,,
1625,146a,u,Variable indéfinie,,
1626,146a,z,Autre,,
1627,181a,a,Jeu de données,,
1628,181a,b,Image,,
1629,181a,c,Mouvement,,
1630,181a,d,Musique,,
1631,181a,e,Objet,,
1632,181a,f,Programme,,
1633,181a,g,Son,,
1634,181a,h,Mot parlé,,
1635,181a,i,Texte,,
1636,181a,m,Multimédia,,
1637,181a,z,Autre médiation,,
1642,181c,cod,Données,,
1656,181c,cop,Programme,,
1643,181c,crd,Données cartographiques,,
1644,181c,crf,Globe  carte géographique en relief ou autre objet cartographique,,
1638,181c,cri,Carte géographique,,
1639,181c,crm,Carte géographique animée,,
1641,181c,crn,Carte géographique en relief en braille ou autre,,
1640,181c,crt,Carte géographique en braille ou autre,,
1654,181c,ntm,Partition ,,
1650,181c,ntv,Notation chorégraphique ou scénique,,
1649,181c,prm,Musique exécutée,,
1657,181c,snd,Sons enregistrés,,
1660,181c,spw,Texte enregistré,,
1647,181c,sti,Image fixe ,,
1653,181c,tcf,Objet tactile,,
1648,181c,tci,Image tactile,,
1655,181c,tcm,Partition en braille ou autre,,
1651,181c,tcn,Notation chorégraphique ou scénique tactile,,
1659,181c,tct,Texte en braille ou autre,,
1652,181c,tdf,Objet,,
1645,181c,tdi,Images animées,,
1646,181c,tdm,Images animées en 3D,,
1658,181c,txt,Texte ,,
1661,181c,xxx,Non précisé,,
1662,182a,a,Audio,,
1663,182a,b,Electronique,,
1664,182a,c,Microforme,,
1665,182a,d,Microscopique,,
1666,182a,e,Projeté,,
1667,182a,f,Stéréoscopique,,
1668,182a,g,Vidéo,,
1669,182a,m,Multimédia,,
1670,182a,n,Sans médiation,,
1671,182a,z,Autre médiation,,
1673,182c,c,informatique,,
1677,182c,e,stéréoscopique,,
1676,182c,g,projeté,,
1674,182c,h,microforme,,
1680,182c,n,sans médiation,,
1675,182c,p,microscopique,,
1672,182c,s,audio,,
1678,182c,v,vidéo,,
1679,182c,x,non précisé,,
1712,183a,caa,Bobine de bande informatique,,
1716,183a,cab,Cartouche informatique,,
1717,183a,cac,Cassette de bande informatique,,
1724,183a,cad,Dispositif électronique autonome,,
1730,183a,cae,Mémoire USB,,
1731,183a,caf,Puce RFID,,
1733,183a,caz,SUPPORT numérique manipulable,,
1713,183a,cba,Carte mémoire,,
1714,183a,cbb,Carte mémoire propriétaire,,
1715,183a,cca,Cartouche de jeu,,
1710,183a,cda,Blu-ray disc,,
1711,183a,cdb,Blu-ray disc propriétaire,,
1718,183a,cdc,CD-I,,
1719,183a,cdd,CD-Photo,,
1720,183a,cde,CD-ROM,,
1721,183a,cdf,CD-ROM propriétaire,,
1722,183a,cdg,CDTV,,
1725,183a,cdh,Disque optique hybride,,
1726,183a,cdi,Disquette,,
1727,183a,cdj,Disquette propriétaire,,
1728,183a,cdk,DVD-ROM,,
1729,183a,cdl,DVD-ROM propriétaire,,
1723,183a,cea,Clé de licence de produit numérique,,
1732,183a,ceb,Ressource dématérialisée,,
1734,183a,czz,Autre SUPPORT électronique,,
1776,183a,eaa,Carte stéréoscopique,,
1777,183a,eab,Disque stéréoscopique,,
1778,183a,eac,Plaque stéréoscopique,,
1779,183a,ezz,Autre SUPPORT stéréoscopique,,
1700,183a,gab,Bobine de film,,
1701,183a,gac,Cartouche de film fixe,,
1702,183a,gad,Diapositive,,
1703,183a,gae,Film fixe,,
1704,183a,gaf,Film fixe court,,
1707,183a,gag,Rouleau de film,,
1708,183a,gah,Transparent pour rétroprojecteur,,
1705,183a,gaz,Film ou transparent générique,,
1706,183a,gba,Plaque de lanterne magique,,
1709,183a,gzz,Autre SUPPORT pour les images projetées,,
1737,183a,haa,Carte à fenêtre,,
1739,183a,hab,Cassette de microfiches,,
1744,183a,hac,Micro-opaque,,
1741,183a,had,Microfiche,,
1743,183a,haz,Microforme générique,,
1735,183a,hba,Bande de microfilm,,
1736,183a,hbb,Bobine de microfilm,,
1738,183a,hbc,Cartouche de microfilm,,
1740,183a,hbd,Cassette de microfilm,,
1745,183a,hbe,Rouleau de microfilm,,
1742,183a,hbz,Microfilm,,
1746,183a,hzz,Autre SUPPORT pour les microformes,,
1754,183a,naa,Carte,,
1751,183a,nba,Bande de film photographique,,
1752,183a,nbb,Bobine de film photographique,,
1771,183a,nbc,Rouleau de film photographique,,
1758,183a,nbz,Film photographique terme générique,,
1772,183a,nca,Tableau à feuilles mobiles,,
1757,183a,nda,Feuille,,
1750,183a,ndb,Autocollant,,
1755,183a,ndc,Dépliant,,
1773,183a,ndd,Transparent,,
1749,183a,nea,Appareil terme générique,,
1759,183a,neb,Globe,,
1760,183a,nec,Kit,,
1761,183a,ned,Maquette,,
1762,183a,nef,Matrice,,
1764,183a,neg,Objet numismatique,,
1765,183a,neh,Panneau,,
1766,183a,nei,Panneau dépliant,,
1767,183a,nej,Plaque,,
1768,183a,nek,Plaque photographique,,
1769,183a,nel,Plateau de jeu,,
1763,183a,nez,Objet,,
1770,183a,nfa,Rouleau,,
1774,183a,nga,Volume,,
1753,183a,ngb,Brochure,,
1756,183a,ngc,Fascicule,,
1775,183a,nzz,Autre SUPPORT sans médiation,,
1747,183a,paa,Lame pour microscope,,
1748,183a,pzz,Autre SUPPORT microscopique,,
1681,183a,saa,Bande magnétique audio,,
1685,183a,sab,Bobine de piste sonore,,
1682,183a,sac,Bande perforée pour instrument mécanique,,
1698,183a,saz,SUPPORT audio générique,,
1686,183a,sba,Cartouche audio,,
1683,183a,sbb,Bande TEFI,,
1687,183a,sca,Cassette audio analogique,,
1688,183a,scb,Cassette audio numérique,,
1691,183a,sda,Cylindre phonographique,,
1695,183a,sdb,Fil magnétique,,
1697,183a,sdc,Ruban métallique magnétique,,
1689,183a,sea,CD audio,,
1690,183a,seb,CD-Extra,,
1692,183a,sec,Disque audio,,
1693,183a,sed,DVD audio,,
1694,183a,see,Feuille acoustique,,
1696,183a,sef,MiniDisc,,
1684,183a,seg,Blu-ray audio,,
1699,183a,szz,Autre SUPPORT vidéo,,
1780,183a,vaa,Bande vidéo,,
1787,183a,vaz,Vidéo,,
1782,183a,vba,Cassette vidéo,,
1783,183a,vbb,Cassette vidéo numérique,,
1781,183a,vca,Blu-ray vidéo,,
1784,183a,vcb,Disque vidéo,,
1785,183a,vcc,DVD vidéo,,
1786,183a,vcd,HD DVD,,
1788,183a,vce,Vidéo CD,,
1789,183a,vzz,Autre SUPPORT vidéo,,
1790,325h,0,Reproduction incomplète,,
1791,325h,1,Reproduction complète,,
1152,ACQ_ATTR,COM,Commande,,
1147,ACQ_ATTR,OFF,Office,,
1153,ACQ_ATTR,REP,Représentant,,
1162,ACQ_ATTR2,agnes,Agnès,,
1154,ACQ_ATTR2,alain,Alain,,
1155,ACQ_ATTR2,annes,Anne-Sophie,,
1163,ACQ_ATTR2,celin,Céline,,
1157,ACQ_ATTR2,chant,Chantal,,
1160,ACQ_ATTR2,chris,Christine,,
1159,ACQ_ATTR2,dorot,Dorothée,,
1165,ACQ_ATTR2,herve,Hervé,,
1158,ACQ_ATTR2,laeti,Laëtitia,,
1164,ACQ_ATTR2,mirei,Mireille,,
1156,ACQ_ATTR2,pasca,Pascale,,
1161,ACQ_ATTR2,phili,Philippe,,
1166,ACQ_ATTR2,steph,Stéphanie,,
1091,ACTION,AM01,Action éducative,,
1099,ACTION,AM09,Visite de classe,,
1859,ACTION,AM10,Chut on lit,,
1792,alignement_bnf,0,Aucun alignement,,
1793,alignement_bnf,1,Alignement sur la BnF,,
1794,alignement_bnf,2,Alignements multiples sur la BnF,,
1795,alignement_bnf,3,Alignement sur le Sudoc,,
1796,alignement_bnf,4,Alignement approchant BnF,,
1864,AR_CANCELLATION,DAMAGED,Item was found to be too damaged to fill article request,,
1863,AR_CANCELLATION,NOT_FOUND,Item could not be located on shelves,,
1865,AR_CANCELLATION,OPAC,Cancelled from the OPAC user page,,
1115,AUT_LIEN,g,Terme générique,,
1116,AUT_LIEN,h,Terme spécifique,,
1117,AUT_LIEN,z,Terme associé,,
1807,BOR_NOTES,TP,"Dossier transmis au Trésor Public, ne plus accepter ni retour ni paiement.",,
1070,BUS,B00,Arrêts foyers logements,,
1071,BUS,B01,Arrêt Bus Rue Louis Braille,,
1073,BUS,B03,Arrêt Bus Place du Travail,,
1077,BUS,B07,Arrêt Bus Place Carnot,,
1078,BUS,B08,Arrêt Bus Rue de France,,
1079,BUS,B09,Arrêt Bus Rue de Rome,,
1083,BUS,B13,Arrêt Bus Rue de la Fraternité,,
1084,BUS,B14,Arrêt Bus Rue Jacques Prévert,,
1087,BUS,B17,Arrêt Bus Rue Montgolfier,,
1089,BUS,B19,Arrêt Bus Boulevard de Fourmies,,
1090,BUS,B20,Arrêt Bus Rue d'Alger,,
1410,BUS,B21,Arrêt Bus Rue Léo Lagrange,,
1605,BUS,B22,Arrêt Bus Rue de Beaumont,,
1606,BUS,B23,Arrêt Bus Rue de Philippeville,,
1607,BUS,B24,Arrêt Bus Rue Drouot,,
1608,BUS,B25,Arrêt Bus Avenue Julien Lagache,,
1883,BUS,B26,Arrêt Bus Place de la Citoyenneté,,
14,CAND,Candidat descripteur,Candidat descripteur,,
15,CAND,Rejeté,Mot clé abandonné,,
1396,CLASS_ROMANS,Amour / Amitié,Amour / Amitié,Amour / Amitié,
1397,CLASS_ROMANS,Aventures,Aventures,Aventures,
1398,CLASS_ROMANS,Fantastique / fantasy,Fantastique / fantasy,Fantastique / fantasy,
1400,CLASS_ROMANS,Histoires courtes,Histoires courtes,Histoires courtes,
1406,CLASS_ROMANS,Horreur,Horreur,Horreur,
1401,CLASS_ROMANS,Humour,Humour,Humour,
1402,CLASS_ROMANS,Policier,Policier,Policier,
1405,CLASS_ROMANS,Romans dont tu es le héros,Romans dont tu es le héros,Romans dont tu es le héros,
1399,CLASS_ROMANS,Romans historiques,Romans historiques,Romans historiques,
1403,CLASS_ROMANS,Science-fiction ,Science-fiction ,Science-fiction ,
1404,CLASS_ROMANS,Vécu,Vécu,Vécu,
1135,COLLECT,COL01,Maternelle,,
1136,COLLECT,COL02,Elémentaire,,
1137,COLLECT,COL03,Structure petite enfance,,
1138,COLLECT,COL04,Centre social,,
1139,COLLECT,COL05,Accueil spécialisé,,
1140,COLLECT,COL06,ALSH,,
1141,COLLECT,COL07,Périscolaire,,
1142,COLLECT,COL08,secondaire,,
1297,COLLECTION,AAPATAP,AAP - Arts plastiques,Arts plastiques,
1298,COLLECTION,AAPATLC,AAP - Loisirs créatifs,Loisirs créatifs,
1247,COLLECTION,AAPBDCM,AAP - Bande dessinée : Comics,Bande dessinée : Comics,
1249,COLLECTION,AAPBDDC,AAP - Bande dessinée : documentaires,Bande dessinée (documentaires),
1250,COLLECTION,AAPBDER,AAP - Bande dessinée érotique,Bande dessinée érotique,
1248,COLLECTION,AAPBDMG,AAP - Bandes dessinées : Mangas,Bande dessinée : Mangas,
1246,COLLECTION,AAPBDSR,AAP - Bande dessinée : Séries,Bande dessinée en série,
1245,COLLECTION,AAPBDZZ,AAP - Bande dessinée,Bande dessinée,
1299,COLLECTION,AAPCGDA,AAP - Dessin animé et animation,Dessin animé,
1300,COLLECTION,AAPCGDD,AAP - Dessin animé et animation (documentaires),Dessin animé (documentaires),
1409,COLLECTION,AAPCGVI,AAP - Documentaires sur les jeux vidéo et la culture geek,Jeux vidéo et culture geek,
1253,COLLECTION,AAPCIDC,AAP - Documentaires sur le cinéma et la télévision,Documentaires sur le cinéma et la télévision,
1251,COLLECTION,AAPCIFI,AAP - Films,Films,
1296,COLLECTION,AAPCIMF,AAP - Musique de films,Musique de films,
1252,COLLECTION,AAPCITV,AAP - Séries TV,Séries TV,
1290,COLLECTION,AAPPLCB,AAP - PL - Cuisine et bricolage,Cuisine et bricolage,
1291,COLLECTION,AAPPLFF,AAP - PL - Faune et flore,Faune et flore,
1292,COLLECTION,AAPPLGO,AAP - PL - Géographie,Géographie,
1301,COLLECTION,AAPPLHU,AAP - PL - Humour,Humour,
1867,COLLECTION,AAPPLJE,AAP – PL – Jeux,Jeux,
1293,COLLECTION,AAPPLMS,AAP - PL - Médecine et santé,Médecine et santé,
1294,COLLECTION,AAPPLPA,AAP - PL - Parentalité,Questions de parents,
1289,COLLECTION,AAPPLPS,AAP - PL - Psychologie,Psychologie,
1295,COLLECTION,AAPPLSL,AAP - PL - Sports et loisirs,Sports et loisirs,
1603,COLLECTION,AAPPLZD,AAP - PL - Zéro déchet,Zéro déchet,
1254,COLLECTION,AAPPRLD,AAP - Livres précieux (documentaires),Livres précieux (documentaires),
1255,COLLECTION,AAPPRLP,AAP - Livres précieux,Livres précieux,
1257,COLLECTION,ACFBPZZ,ACF - Bibliothèque professionnelle,Bibliothèques,
1278,COLLECTION,ACFHSZZ,ACF - Histoire,Histoire,
1279,COLLECTION,ACFIFZZ,ACF - Informatique,Informatique,
1280,COLLECTION,ACFLAFF,ACF - Français et FLE,Français et FLE,
1282,COLLECTION,ACFLALE,ACF - Langues étrangères,Langues étrangères,
1283,COLLECTION,ACFPAZZ,ACF - Presse d'actualité,Presse d'actualité,
1341,COLLECTION,ACFPDZZ,AAP - PL - Presse ados,,
1284,COLLECTION,ACFPHZZ,ACF - Philosophie,Philosophie,
1340,COLLECTION,ACFPMZZ,AAP - PL - Presse masculine / féminine,,
1285,COLLECTION,ACFREZZ,ACF - Religions,Religions,
1286,COLLECTION,ACFRUZZ,ACF - Réussir,Réussir,
1287,COLLECTION,ACFSCZZ,ACF - Sciences et technologies,Sciences et technologies,
1288,COLLECTION,ACFSSZZ,ACF - Sciences sociales,Sciences sociales,
1256,COLLECTION,ACFUEZZ,ACF - Usuels salles d'étude,Usuels (salle d'étude),
1232,COLLECTION,ALTDCZZ,ALT - Documentaires sur la littérature,Littérature (documentaires),
1618,COLLECTION,ALTFAZZ,ALT - Facile à lire,Facile à lire,
1243,COLLECTION,ALTIGFA,ALT - Fantasy,Fantasy,
1242,COLLECTION,ALTIGSF,ALT - SF,Science - fiction,
1240,COLLECTION,ALTLSZZ,ALT - Livres audio,Livres audio,
1236,COLLECTION,ALTLVZZ,ALT - Textes larges visions,Livres large vision,
1237,COLLECTION,ALTPOZZ,ALT - Poésie,Poésie,
1244,COLLECTION,ALTROAD,ALT - Romans ado,Romans (adolescents),
1235,COLLECTION,ALTROAM,ALT - Romans sentimentaux,Romans sentimentaux,
1613,COLLECTION,ALTROBI,ALT - Romans biographiques,Romans biographiques,
1599,COLLECTION,ALTROHI,ALT - Romans historiques,Romans historiques,
1234,COLLECTION,ALTROPL,ALT - Romans policiers,Romans policiers,
1600,COLLECTION,ALTROTE,ALT - Romans de terroir,Romans de terroir,
1806,COLLECTION,ALTROVG,ALT - Récits de voyage,Récits de voyage,
1233,COLLECTION,ALTROZZ,ALT - Romans,Romans,
1238,COLLECTION,ALTTCCN,ALT - Contes,Contes,
1239,COLLECTION,ALTTCNV,ALT - Nouvelles,Nouvelles,
1241,COLLECTION,ALTTLZZ,ALT - Textes littéraires,Textes littéraires,
1861,COLLECTION,AMV00MM,AMV - Méthodes de musique,,
1258,COLLECTION,AMV00ZZ,AMV - Musique Généralités,Musique Généralités,
1259,COLLECTION,AMV11ZZ,AMV - Blues et Gospel,Blues et Gospel,
1260,COLLECTION,AMV13ZZ,AMV - Jazz,Jazz,
1261,COLLECTION,AMV14ZZ,AMV - Soul,Soul,
1262,COLLECTION,AMV15ZZ,AMV - Rap,Rap,
1263,COLLECTION,AMV16ZZ,AMV - Reggae,Reggae,
1264,COLLECTION,AMV20ZZ,AMV - Rock,Rock,
1265,COLLECTION,AMV25ZZ,AMV - Métal,Métal,
1266,COLLECTION,AMV29ZZ,AMV - Variétés,Variétés,
1267,COLLECTION,AMV30ZZ,AMV - Musique classique,Musique classique,
1268,COLLECTION,AMV39ZZ,AMV - Musique contemporaine,Musique contemporaine,
1269,COLLECTION,AMV40ZZ,AMV - Techno,Techno,
1270,COLLECTION,AMV50ZZ,AMV - Musique fonctionnelle,Musique d'ambiance,
1271,COLLECTION,AMV80ZZ,AMV - Chanson francophone,Chanson francophone,
1272,COLLECTION,AMV90ZZ,AMV - World,World,
1273,COLLECTION,AMVASCA,AMV - Arts du spectacle (captations),Arts du spectacle,
1274,COLLECTION,AMVASDC,AMV - Arts du spectacle (documentaire),Arts du spectacle (documentaire),
1275,COLLECTION,AMVTHCA,AMV - Théâtre (captations),Théâtre (captations),
1276,COLLECTION,AMVTHDC,AMV - Théâtre (documentaires),Théâtre (documentaires),
1277,COLLECTION,AMVTHTX,AMV - Théâtre (textes),Théâtre (textes),
1307,COLLECTION,AZZMAZZ,AZZ - Livres en magasin,Livres en magasin,
783,COLLECTION,D02,D02 - DC COFFRET,DC de coffret,
789,COLLECTION,D07,D07 - DISQ 30,Disque vinyle 30 cm,
1374,COLLECTION,JABCTEF,JAB - Contes pour enfants,Contes pour enfants,
1375,COLLECTION,JABCTPE,JAB - Contes petits enfants,Contes pour petits enfants,
1369,COLLECTION,JABEFAE,JAB - Albums pour enfants,Albums pour enfants,
1368,COLLECTION,JABEFDT,JAB - Albums documentaires,Albums documentaires,
1805,COLLECTION,JABHLPE,JAB - Livres sonores Petite enfance,Livres sonores Petite enfance,
1376,COLLECTION,JABHLZZ,JAB - Livres sonores,Livres sonores pour enfants,
1378,COLLECTION,JABLADT,JAB - Albums en langue étrangère (documentaire),Albums en langue étrangère (documentaire),
1377,COLLECTION,JABLAFI,JAB - Albums en langue étrangère (fiction),Albums en langue étrangère (fiction),
1379,COLLECTION,JABLPZZ,JAB - Livres précieux pour enfants,Livres précieux pour enfants,
1370,COLLECTION,JABPFAF,JAB - Albums petits enfants,Albums petits enfants,
1371,COLLECTION,JABPFCO,JAB - Comptines,Comptines,
1372,COLLECTION,JABPFEV,JAB - Eveil,Eveil,
1373,COLLECTION,JABPFIP,JAB - Imagiers petits enfants,Imagiers petits enfants,
1354,COLLECTION,JBDCLZZ,JBD - E BD Classiques,Classiques en BD enfants,
1351,COLLECTION,JBDCMZZ,JBD - E BD Comics,BD Comics enfants,
1352,COLLECTION,JBDMGZZ,JBD - E BD Mangas,BD Mangas pour enfants,
1355,COLLECTION,JBDPBZZ,JBD - PE BD,Premières BD pour enfants,
1811,COLLECTION,JBDPFZZ,JBD - BD petit format,BD petit format pour enfants,
1353,COLLECTION,JBDSRZZ,JBD - E BD Séries,Séries BD pour enfants,
1350,COLLECTION,JBDZZZZ,JBD - E BD,Bandes dessinées enfants,
1356,COLLECTION,JCIDTZZ,JCI - Films documentaires enfants,Films documentaires pour enfants,
1358,COLLECTION,JCIFED1,JCI - Dessins animés - Eveil,Dessins animés - Eveil,
1359,COLLECTION,JCIFED2,JCI - Dessins animés - Petite enfance,Dessins animés - Petite enfance,
1360,COLLECTION,JCIFED3,JCI - Dessins animés - Enfants,Dessins animés - Enfants,
1357,COLLECTION,JCIFEF1,JCI - Films pour enfants - à partir de 6 ans,Films pour enfants - à partir de 6 ans,
1361,COLLECTION,JCIFEF2,JCI - Films pour enfants - à partir de 9 ans,Films pour enfants - à partir de 9 ans,
1362,COLLECTION,JCIFEMG,JCI - Mangas pour enfants en DVD,Mangas pour enfants en DVD,
1381,COLLECTION,JDT00ZZ,JDT - 000 Informatique / Culture générale,Informatique / Culture générale (enfants),
1382,COLLECTION,JDT10ZZ,JDT - 100 Philosophie,Philosophie (enfants),
1383,COLLECTION,JDT20ZZ,JDT - 200 Religions,Religions (enfants),
1384,COLLECTION,JDT30ZZ,JDT - 300 Société,Société (enfants),
1385,COLLECTION,JDT40ZZ,JDT - 400 Langues,Langues (enfants),
1386,COLLECTION,JDT50ZZ,JDT - 500 Sciences / Animaux,Sciences / Animaux (enfants),
1387,COLLECTION,JDT60ZZ,JDT - 600 Santé / Cuisine / Jeux et sports,Santé / Cuisine / Jeux et sports (enfants),
1388,COLLECTION,JDT70ZZ,JDT - 700 Activités manuelles / Arts,Activités manuelles / Arts (enfants),
1389,COLLECTION,JDT80ZZ,JDT - 800 Littérature,Littérature (enfants),
1390,COLLECTION,JDT90ZZ,JDT - 900 Géographie / Histoire,Géographie / Histoire (enfants),
1395,COLLECTION,JDTCPZZ,JDT - CLASSPAT,Ouvrages pour classes patrimoine,
1809,COLLECTION,JDTDYZZ,JDT - Fonds DYS,Fonds DYS,
1394,COLLECTION,JDTFDZZ,JDT - Fonds didactique,Fonds didactique,
1393,COLLECTION,JDTPFZZ,JDT - Premier documentaire enfants,Documentaires pour petits enfants,
1380,COLLECTION,JMUEFZZ,JMU - Musique pour enfants,Musique pour enfants,
1391,COLLECTION,JPOZZZZ,JPO - Poésie,Poésie (enfants),
1366,COLLECTION,JROHLZZ,JRO - Histoires lues (romans),Livres sonores pour enfants (romans),
1810,COLLECTION,JROILZZ,JRO - Romans illustrés pour enfants,Romans illustrés pour enfants,
1365,COLLECTION,JROPLZZ,JRO - Romans policiers pour enfants,Romans policiers pour enfants,
1364,COLLECTION,JRORMZZ,JRO - Premiers romans,Premiers romans,
1363,COLLECTION,JROROZZ,JRO - Romans pour enfants,Romans pour enfants,
1367,COLLECTION,JROSFZZ,JRO - Romans science-fiction pour enfants,Romans de science-fiction pour enfants,
1392,COLLECTION,JTHZZZZ,JTH - Théâtre (enfants),Théâtre (enfants),
1348,COLLECTION,MAT,Matériel,,
909,COLLECTION,P17,P17 - PERIODIQUE,Périodique,
1860,COLLECTION,PENACZZ,PEN - Fonds Alfonso Cata,,
1308,COLLECTION,PENCVZZ,PEN - Fonds Charles Verstraete,Fonds Charles Verstraete,
1309,COLLECTION,PENDEZZ,PEN - Fonds Desette,Fonds Desette,
1310,COLLECTION,PENHPZZ,PEN - Fonds Heath et Payant - enregistrements,Fonds Heath et Payant - enregistrements,
1311,COLLECTION,PENPDZZ,PEN - Collection Patrice Desdoit,Collection Patrice Desdoit,
1312,COLLECTION,PENRSZZ,PEN - FLRS,Fonds local régional sonore,
1316,COLLECTION,PPAFIZZ,PPA - Fonds local image,Fonds local image,
1317,COLLECTION,PPEFGZZ,PPE - Patrimoine écrit - fonds général,Patrimoine écrit,
1318,COLLECTION,PPELGZZ,PPE - Patrimoine écrit - legs Destombes,Patrimoine écrit - legs Destombes,
1319,COLLECTION,PPEPMZZ,PPE - Patrimoine musical imprimé,Patrimoine musical imprimé,
1321,COLLECTION,PPEPRZZ,PPE - Périodiques patrimonaiux,Périodiques patrimoniaux,
1320,COLLECTION,PPIPIZZ,PPI - Patrimoine iconographique,Patrimoine iconographique,
1306,COLLECTION,PRRFIZZ,PRR - Films autour de Roubaix et sa région,Films autour de Roubaix et sa région,
1313,COLLECTION,PRRMEZZ,PRR - FLRS de prêt,Fonds local régional sonore empruntable,
1230,COLLECTION,PRRRGZZ,PRR - Région,Région,
1231,COLLECTION,PRRRXZZ,PRR - Roubaix,Roubaix,
30,COUNTRY,AD,Andorre,,
90,COUNTRY,AE,Émirats arabes unis,,
31,COUNTRY,AF,Afghanistan,,
33,COUNTRY,AG,Antigua-et-Barbuda,,
34,COUNTRY,AI,Anguilla (Royaume-Uni),,
32,COUNTRY,AL,Albanie,,
35,COUNTRY,AM,Arménie,,
16,COUNTRY,AN,Antilles Néerlandaises,,
36,COUNTRY,AO,Angola,,
37,COUNTRY,AQ,Antarctique,,
38,COUNTRY,AR,Argentine,,
39,COUNTRY,AS,Samoa américaines,,
40,COUNTRY,AT,Autriche,,
41,COUNTRY,AU,Australie,,
42,COUNTRY,AW,Aruba,,
43,COUNTRY,AX,"Aland, îles d'",,
44,COUNTRY,AZ,Azerbaïdjan,,
45,COUNTRY,BA,Bosnie-Herzégovine,,
46,COUNTRY,BB,Barbade,,
47,COUNTRY,BD,Bangladesh,,
48,COUNTRY,BE,Belgique,,
49,COUNTRY,BF,Burkina Faso,,
50,COUNTRY,BG,Bulgarie,,
51,COUNTRY,BH,Bahreïn,,
52,COUNTRY,BI,Burundi,,
53,COUNTRY,BJ,Bénin,,
54,COUNTRY,BL,Saint Barthélémy (France),,
55,COUNTRY,BM,Bermudes,,
56,COUNTRY,BN,Brunei,,
57,COUNTRY,BO,Bolivie,,
58,COUNTRY,BR,Brésil,,
59,COUNTRY,BS,Bahamas,,
60,COUNTRY,BT,Bhoutan,,
61,COUNTRY,BV,"Bouvet, île",,
62,COUNTRY,BW,Botswana,,
63,COUNTRY,BY,Biélorussie,,
64,COUNTRY,BZ,Belize,,
65,COUNTRY,CA,Canada,,
66,COUNTRY,CC,"Cocos (Keeling), île des",,
68,COUNTRY,CD,"Congo, Répubublique Démocratique",,
69,COUNTRY,CF,"Centrafricaine, République",,
70,COUNTRY,CG,Congo,,
71,COUNTRY,CH,Suisse,,
72,COUNTRY,CI,Côte d'Ivoire,,
73,COUNTRY,CK,"Cook, îles",,
74,COUNTRY,CL,Chili,,
75,COUNTRY,CM,Cameroun,,
21,COUNTRY,CN,Chine,,
17,COUNTRY,CR,Costa Rica,,
76,COUNTRY,CS,Serbie-et-Monténégro,,
77,COUNTRY,CU,Cuba,,
78,COUNTRY,CV,CapVert,,
79,COUNTRY,CX,"Christmas, île",,
80,COUNTRY,CY,Chypre,,
81,COUNTRY,CZ,"Tchèque, République",,
20,COUNTRY,DE,Allemagne,,
82,COUNTRY,DJ,Djibouti,,
83,COUNTRY,DK,Danemark,,
84,COUNTRY,DM,Dominique,,
85,COUNTRY,DO,"Dominicaine, République",,
86,COUNTRY,DZ,Algérie,,
87,COUNTRY,EC,Équateur,,
88,COUNTRY,EE,Estonie,,
89,COUNTRY,EG,Égypte,,
91,COUNTRY,EH,Sahara occidental,,
92,COUNTRY,ER,Érythrée,,
27,COUNTRY,ES,Espagne,,
93,COUNTRY,FI,Finlande,,
94,COUNTRY,FJ,Fidji,,
95,COUNTRY,FK,"Falkland, îles",,
96,COUNTRY,FM,Micronésie,,
97,COUNTRY,FO,"Féroé, îles",,
19,COUNTRY,FR,France,,
98,COUNTRY,GA,Gabon,,
29,COUNTRY,GB,Grande-Bretagne,,
99,COUNTRY,GD,Grenade,,
100,COUNTRY,GE,Géorgie,,
101,COUNTRY,GF,Guyane française,,
102,COUNTRY,GH,Ghana,,
103,COUNTRY,GI,Gibraltar,,
104,COUNTRY,GL,Groenland,,
105,COUNTRY,GM,Gambie,,
106,COUNTRY,GN,Guinée,,
107,COUNTRY,GP,Guadeloupe (France),,
109,COUNTRY,GQ,Guinée équatoriale,,
110,COUNTRY,GR,Grèce,,
111,COUNTRY,GS,Géorgie du sud et les îles sandwich du Sud,,
112,COUNTRY,GT,Guatemala,,
113,COUNTRY,GU,Guam,,
114,COUNTRY,GW,Guinée-Bissau,,
115,COUNTRY,GY,Guyana,,
116,COUNTRY,HK,Hong-Kong,,
117,COUNTRY,HM,"Heard et îles McDonald, île",,
118,COUNTRY,HN,Honduras,,
119,COUNTRY,HR,Croatie,,
120,COUNTRY,HT,Haïti,,
121,COUNTRY,HU,Hongrie,,
122,COUNTRY,ID,Indonésie,,
123,COUNTRY,IE,Irlande,,
124,COUNTRY,II,intergouvernemental,,
125,COUNTRY,IL,Israël,,
22,COUNTRY,IN,Inde,,
126,COUNTRY,IQ,Irak,,
127,COUNTRY,IR,Iran,,
23,COUNTRY,IS,Islande,,
128,COUNTRY,IT,Italie,,
129,COUNTRY,JM,Jamaïque,,
130,COUNTRY,JO,Jordanie,,
131,COUNTRY,JP,Japon,,
132,COUNTRY,KE,Kenya,,
133,COUNTRY,KG,Kirghizistan,,
134,COUNTRY,KH,Cambodge,,
135,COUNTRY,KI,Kiribati,,
136,COUNTRY,KM,Comores,,
137,COUNTRY,KN,Saint-Kitts-et-Nevis,,
138,COUNTRY,KP,Corée du Nord,,
139,COUNTRY,KR,Corée du Sud,,
140,COUNTRY,KW,Koweït,,
141,COUNTRY,KY,"Caïmanes, îles",,
142,COUNTRY,KZ,Kazakhstan,,
143,COUNTRY,LA,Laos,,
144,COUNTRY,LB,Liban,,
145,COUNTRY,LC,Sainte-Lucie,,
146,COUNTRY,LI,Liechtenstein,,
147,COUNTRY,LK,Sri Lanka,,
148,COUNTRY,LR,Libéria,,
149,COUNTRY,LS,Lesotho,,
150,COUNTRY,LT,Lituanie,,
151,COUNTRY,LU,Luxembourg,,
152,COUNTRY,LV,Lettonie,,
153,COUNTRY,LY,Libye,,
154,COUNTRY,MA,Maroc,,
155,COUNTRY,MC,Monaco,,
156,COUNTRY,MD,Moldavie,,
157,COUNTRY,ME,Monténégro,,
158,COUNTRY,MF,Saint Martin (partie française),,
159,COUNTRY,MG,Madagascar,,
160,COUNTRY,MH,"Marshall, îles",,
161,COUNTRY,MK,Macédoine,,
162,COUNTRY,ML,Mali,,
163,COUNTRY,MM,Myanmar,,
164,COUNTRY,MN,Mongolie,,
165,COUNTRY,MO,Macao,,
166,COUNTRY,MP,"Mariannes du Nord, îles",,
167,COUNTRY,MQ,Martinique (France),,
168,COUNTRY,MR,Mauritanie,,
169,COUNTRY,MS,Montserrat,,
170,COUNTRY,MT,Malte,,
171,COUNTRY,MU,Maurice,,
172,COUNTRY,MV,Maldives,,
173,COUNTRY,MW,Malawi,,
174,COUNTRY,MX,Mexique,,
175,COUNTRY,MY,Malaisie,,
176,COUNTRY,MZ,Mozambique,,
177,COUNTRY,NA,Namibie,,
178,COUNTRY,NC,Nouvelle-Calédonie,,
179,COUNTRY,NE,Niger,,
180,COUNTRY,NF,Norfolk,,
181,COUNTRY,NI,Nicaragua,,
24,COUNTRY,NL,Pays-Bas,,
182,COUNTRY,NO,Norvège,,
183,COUNTRY,NP,Népal,,
184,COUNTRY,NR,Nauru,,
185,COUNTRY,NU,Nioué,,
186,COUNTRY,NZ,Nouvelle-Zélande,,
187,COUNTRY,OM,Oman,,
25,COUNTRY,PA,Panama,,
188,COUNTRY,PE,Pérou,,
189,COUNTRY,PF,Polynésie française,,
190,COUNTRY,PG,Papouasie Nouvelle-Guinée,,
191,COUNTRY,PH,Philippines,,
192,COUNTRY,PK,Pakistan,,
193,COUNTRY,PL,Pologne,,
194,COUNTRY,PM,Saint-Pierre-et-Miquelon (France),,
195,COUNTRY,PN,Pitcairn,,
196,COUNTRY,PR,Porto Rico,,
197,COUNTRY,PS,Palestine,,
198,COUNTRY,PT,Portugal,,
199,COUNTRY,PW,Palau,,
200,COUNTRY,PY,Paraguay,,
201,COUNTRY,QA,Qatar,,
26,COUNTRY,RE,Réunion (France),,
202,COUNTRY,RO,Roumanie,,
203,COUNTRY,RS,Serbie,,
204,COUNTRY,RU,Russie,,
205,COUNTRY,RW,Rwanda,,
206,COUNTRY,SA,Arabie saoudite,,
207,COUNTRY,SB,"Salomon, îles",,
208,COUNTRY,SC,Seychelles,,
209,COUNTRY,SD,Soudan,,
210,COUNTRY,SE,Suède,,
211,COUNTRY,SG,Singapour,,
212,COUNTRY,SH,Sainte-Hélène,,
213,COUNTRY,SI,Slovénie,,
214,COUNTRY,SJ,Svalbard et île Jan Mayen,,
215,COUNTRY,SK,Slovaquie,,
216,COUNTRY,SL,Sierra Leone,,
217,COUNTRY,SM,Saint-Marin,,
218,COUNTRY,SN,Sénégal,,
219,COUNTRY,SO,Somalie,,
220,COUNTRY,SR,Suriname,,
222,COUNTRY,SS,Soudan du Sud,,
221,COUNTRY,ST,Sao Tomé-et-Principe,,
223,COUNTRY,SU,URSS,,
224,COUNTRY,SV,Salvador,,
225,COUNTRY,SX,Saint Martin (partie néerlandaise),,
226,COUNTRY,SY,Syrie,,
227,COUNTRY,SZ,Swaziland,,
228,COUNTRY,TC,"Turks et Caïques, îles",,
229,COUNTRY,TD,Tchad,,
230,COUNTRY,TG,Togo,,
231,COUNTRY,TH,Thaïlande,,
232,COUNTRY,TJ,Tadjikistan,,
233,COUNTRY,TK,Tokélau,,
234,COUNTRY,TL,Timor oriental,,
235,COUNTRY,TM,Turkménistan,,
236,COUNTRY,TN,Tunisie,,
237,COUNTRY,TO,Tonga,,
238,COUNTRY,TR,Turquie,,
239,COUNTRY,TT,Trinité-et-Tobago,,
240,COUNTRY,TV,Tuvalu,,
241,COUNTRY,TW,Taïwan,,
242,COUNTRY,TZ,Tanzanie,,
243,COUNTRY,UA,Ukraine,,
244,COUNTRY,UG,Ouganda,,
245,COUNTRY,UM,Îles mineures éloignées des États-Unis,,
28,COUNTRY,US,États-Unis,,
246,COUNTRY,UY,Uruguay,,
247,COUNTRY,UZ,Ouzbékistan,,
248,COUNTRY,VA,Vatican,,
249,COUNTRY,VC,Saint-Vincent-et-les Grenadines,,
250,COUNTRY,VE,Venezuela,,
251,COUNTRY,VG,Îles Vierges britanniques,,
252,COUNTRY,VI,Îles Vierges (États-Unis),,
253,COUNTRY,VN,Viêt Nam,,
254,COUNTRY,VU,Vanuatu,,
255,COUNTRY,WF,"Wallis et Futuna, îles (France)",,
256,COUNTRY,WS,Samoa,,
257,COUNTRY,XC,Tchécoslovaquie,,
258,COUNTRY,XD,Allemagne avant 1945,,
259,COUNTRY,XE,Europe,,
260,COUNTRY,XK,Corée avant 1948,,
261,COUNTRY,YD,Yémen,,
262,COUNTRY,YT,Mayotte (France),,
263,COUNTRY,YU,Yougoslavie,,
264,COUNTRY,ZA,Afrique du Sud,,
265,COUNTRY,ZM,Zambie,,
266,COUNTRY,ZW,Zimbabwe,,
267,COUNTRY,ZZ,multiple,,
1129,DAMAGED,0,Non,,
688,DAMAGED,1,Abimé,,
1335,DAMAGED,2,Prétendu rendu,Prétendu rendu,
1227,DONS,0,Non,,
1228,DONS,1,Oui,,
709,ETAT,-1,1 - En commande,Prochainement en rayon !,
708,ETAT,-2,2 - En traitement,Prochainement en rayon !,
707,ETAT,-3,6 -  En retrait,En retrait temporaire,
706,ETAT,-4,5 - En réparation,En retrait temporaire,
1,ETAT,0,3 - Empruntable,,
711,ETAT,2,4 - Réservé à la consultation sur place,Réservé à la consultation sur place,
1168,ETAT,4,8 - Sorti des collections,,
1169,ETAT,5,7 - En reliure,En retrait temporaire,
1430,HSBND_FREQ,EW,Every week,,
268,LANG,aar,afar,,
269,LANG,abk,abkhaze,,
270,LANG,ace,achinese,,
271,LANG,ach,acoli,,
272,LANG,ada,adan,,
273,LANG,ady,adyghé,,
274,LANG,afa,afro-asiatiques (diverses langues),,
275,LANG,afh,afrihili,,
276,LANG,afr,afrikaans,,
277,LANG,ajm,aljamia,,
278,LANG,aka,akan,,
279,LANG,akk,akkadien,,
280,LANG,alb,albanais,,
281,LANG,alg,algonquin,,
282,LANG,amh,amharique,,
283,LANG,ang,anglo-saxon (ca. 450-1100),,
284,LANG,ara,arabe,,
285,LANG,arc,araméen,,
286,LANG,arm,arménien,,
287,LANG,art,artificielles (diverses langues),,
288,LANG,asm,assamais,,
289,LANG,ava,avar,,
290,LANG,ave,avestique,,
291,LANG,awa,awadhi,,
292,LANG,aym,aymará,,
293,LANG,aze,azéri,,
294,LANG,bak,bachkir,,
295,LANG,bam,bambara,,
296,LANG,ban,balinais,,
297,LANG,baq,basque,,
298,LANG,bel,biélorusse,,
299,LANG,ben,bengali,,
300,LANG,ber,berbères (autres langues),,
301,LANG,bnt,bantoues (autres langues),,
302,LANG,bos,bosnian,,
303,LANG,bra,braj,,
304,LANG,bre,breton,,
305,LANG,btk,batak,,
306,LANG,bua,bouriate,,
307,LANG,bug,bugi,,
308,LANG,bul,bulgare,,
309,LANG,bur,birman,,
310,LANG,cai,indiennes (langues amérique centrale),,
311,LANG,cam,cambodgien,,
312,LANG,cat,catalan,,
313,LANG,cau,caucasiennes (autres langues),,
314,LANG,cel,celtiques (autre langues),,
315,LANG,chi,chinois,,
316,LANG,chm,mari,,
317,LANG,chu,slavon d'église,,
318,LANG,chv,tchouvache,,
319,LANG,cop,copte,,
320,LANG,cor,cornique,,
321,LANG,cos,corse,,
322,LANG,cpe,créoles et pidgins (anglais),,
323,LANG,cpf,créoles et pidgins (français),,
324,LANG,cpp,créoles et pidgins (portugais),,
325,LANG,cre,cree,,
326,LANG,crp,créoles et pidgins (diverses),,
327,LANG,cze,tchèque,,
328,LANG,dan,danois,,
329,LANG,den,esclave (athapascan),,
520,LANG,deu,hollandais,,
330,LANG,dra,dravidien,,
331,LANG,dum,"néerlandais, moyen (ca. 1050-1350)",,
332,LANG,dut,néerlandais,,
333,LANG,efi,efik,,
334,LANG,egy,égyptien,,
335,LANG,eng,anglais,,
336,LANG,enm,"anglais, moyen (1100-1500)",,
337,LANG,epo,esperanto,,
338,LANG,esk,esquimau,,
339,LANG,est,estonien,,
340,LANG,ewe,éwé,,
341,LANG,fan,fang,,
342,LANG,fao,féroien,,
343,LANG,fin,finnois,,
344,LANG,fiu,finno-ougriennes (autres langues),,
345,LANG,fon,fon,,
1226,LANG,frd,"français, dialectes",Picard,
346,LANG,fre,français,,
347,LANG,frm,"français, moyen (ca. 1400-1600)",,
348,LANG,fro,"français, ancien (842-ca. 1400)",,
349,LANG,fry,frison occidental,,
350,LANG,ful,fula,,
351,LANG,gaa,ga,,
352,LANG,gag,galicien,,
353,LANG,gem,germaniques (diverses langues),,
354,LANG,geo,géorgien,,
355,LANG,ger,allemand,,
356,LANG,gez,guèze,,
357,LANG,gla,gaëlique,,
358,LANG,gle,irlandais,,
359,LANG,glg,galicien,,
360,LANG,glv,manx,,
361,LANG,gmh,"allemand, moyen haut (ca. 1050-1500)",,
362,LANG,goh,"allemand, vieux haut (ca. 750-1050)",,
363,LANG,got,gothique,,
364,LANG,grc,grec ancien (jusqu'à 1453),,
365,LANG,gre,grec moderne (après 1453),,
366,LANG,grn,guarani,,
367,LANG,guj,gujarati,,
368,LANG,hau,haoussa,,
369,LANG,haw,hawaïen,,
370,LANG,heb,hébreu,,
371,LANG,hin,hindi,,
372,LANG,hit,hittite,,
373,LANG,hrv,croate,,
374,LANG,hun,hongrois,,
375,LANG,ibo,igbo,,
376,LANG,ice,islandais,,
377,LANG,iku,inuktitut,,
378,LANG,inc,indo-aryen (groupe),,
379,LANG,ind,indonésien,,
380,LANG,ine,indo-européen (groupe),,
381,LANG,ira,iraniennes (diverses langues),,
382,LANG,ita,italien,,
383,LANG,jav,javanais,,
384,LANG,jpn,japonais,,
385,LANG,jrb,judéo-arabe,,
386,LANG,kab,kabyle,,
387,LANG,kan,kanara,,
388,LANG,kas,kasmiri,,
389,LANG,kaw,kawi,,
390,LANG,kaz,kazakh,,
391,LANG,khm,khmer central,,
392,LANG,kik,kikuyu,,
393,LANG,kin,kinyarwanda,,
394,LANG,kir,kirghiz,,
395,LANG,kmb,kimbundu,,
396,LANG,kon,kongo,,
397,LANG,kor,coréen,,
398,LANG,kur,kurde,,
399,LANG,lad,ladino,,
521,LANG,lan,occitan (post 1500),,
400,LANG,lao,lao,,
401,LANG,lap,lapon,,
402,LANG,lat,latin,,
403,LANG,lav,lette,,
404,LANG,lin,lingala,,
405,LANG,lit,lituanien,,
406,LANG,lug,louganda,,
407,LANG,mac,macédonien,,
408,LANG,mal,malayalam,,
409,LANG,man,mande,,
410,LANG,mao,maori,,
411,LANG,map,malayo-polynésien,,
412,LANG,mar,marathi,,
413,LANG,may,malais,,
414,LANG,mga,"irlandais, moyen (900-1200)",,
415,LANG,min,minangkabao,,
416,LANG,mis,langues diverses,,
417,LANG,mkh,môn khmer (diverses langues),,
522,LANG,mla,malgache,,
418,LANG,mlg,malgache,,
419,LANG,mlt,maltais,,
420,LANG,mol,moldave,,
421,LANG,mon,mongol,,
422,LANG,mos,mossi,,
423,LANG,mul,multilingue,,
424,LANG,myn,maya,,
425,LANG,myv,erza,,
426,LANG,nah,nahuatl,,
427,LANG,nai,amérindien,,
428,LANG,ndo,ndongo,,
429,LANG,nds,bas allemand,,
430,LANG,nep,népalais,,
431,LANG,nic,nigéro-congolais,,
432,LANG,nno,norvégien nynorsk,,
433,LANG,nob,norvégien bokmål,,
434,LANG,non,norvégien ancien,,
435,LANG,nor,norvégien,,
436,LANG,nya,nyanja,,
437,LANG,oci,occitan et provençal (après 1500),,
438,LANG,ori,oriya,,
439,LANG,oss,ossète,,
440,LANG,ota,turc ottoman (écriture arabe),,
441,LANG,paa,papou,,
442,LANG,pal,pahlavi,,
443,LANG,pan,penjabi,,
444,LANG,peo,perse ancien (600-400 av. j.c.),,
445,LANG,per,persan moderne,,
446,LANG,pli,pali,,
447,LANG,pol,polonais,,
448,LANG,por,portugais,,
449,LANG,pra,prâkrit,,
450,LANG,pro,occitan et provençal ancien (jusqu'à 1500),,
451,LANG,pus,pachto,,
452,LANG,que,quechua,,
453,LANG,raj,rajasthani,,
454,LANG,roa,romanes (diverses langues),,
455,LANG,roh,rhétoroman (groupe),,
456,LANG,rom,romani,,
457,LANG,rum,roumain,,
458,LANG,run,rundi,,
459,LANG,rus,russe,,
460,LANG,sah,iakoute,,
461,LANG,sai,indiennes (langues amérique du sud),,
523,LANG,sam,samaritain,,
462,LANG,san,sanskrit,,
463,LANG,scc,serbe (cyrillique),,
464,LANG,sco,écossais,,
465,LANG,scr,croate (alphabet latin),,
466,LANG,sem,sémitiques (diverses langues),,
467,LANG,sga,"irlandais, ancien (jusqu'à 900)",,
468,LANG,sgn,langues des signes,,
469,LANG,sin,singhalais,,
470,LANG,sit,sino-tibétaines (langues),,
471,LANG,sla,slaves (diverses langues),,
472,LANG,slo,slovaque,,
473,LANG,slv,slovène,,
474,LANG,smi,"sames, langues",,
475,LANG,sna,shona,,
476,LANG,snh,singhalais,,
477,LANG,snk,soninké,,
478,LANG,som,somali,,
479,LANG,son,songhai,,
480,LANG,spa,espagnol,,
481,LANG,srp,serbe,,
482,LANG,ssa,nilo-saharien (groupe),,
483,LANG,sun,soundanais,,
484,LANG,sux,sumérien,,
485,LANG,swa,swahili,,
486,LANG,swe,suédois,,
487,LANG,syr,syriaque,,
488,LANG,tah,tahitien,,
489,LANG,tai,thaï langues (autres),,
490,LANG,tam,tamoul,,
491,LANG,tat,tatar,,
492,LANG,tel,télougou,,
493,LANG,tgk,tadjik,,
494,LANG,tgl,tagalog,,
495,LANG,tha,thaï,,
496,LANG,tib,tibétain,,
497,LANG,tir,tigrina,,
498,LANG,tuk,turkmène,,
499,LANG,tur,turc,,
500,LANG,tut,turco-tatar,,
501,LANG,twi,twi,,
502,LANG,uga,ougaritique,,
503,LANG,uig,ouïgour,,
504,LANG,ukr,ukrainien,,
505,LANG,und,inconnue,,
506,LANG,urd,ourdou,,
507,LANG,uzb,ouzbek,,
508,LANG,vie,vietnamien,,
509,LANG,wel,gallois,,
510,LANG,wen,wende,,
511,LANG,wln,wallon,,
512,LANG,wol,wolof,,
513,LANG,xal,kalmouk,,
514,LANG,xho,xhosa,,
515,LANG,xxx,autres langues,,
516,LANG,yid,yiddish,,
517,LANG,yor,yoruba,,
518,LANG,zul,zoulou,,
519,LANG,zxx,pas de contenu linguistique,,
659,LOC,BUS1A,Zèbre,Zèbre,
1619,LOC,CART,Quarantaine,,
660,LOC,MED0A,Magasin collectivités,Prêt réservé aux collectivités,
661,LOC,MED0B,Espace Périodiques,Espace Périodiques,
1229,LOC,MED0C,Rez-de-chaussée,Rez-de-chaussée,
662,LOC,MED1A,1er étage,1er étage,
663,LOC,MED2A,2e étage -  Jeunesse,2e étage -  Jeunesse,
664,LOC,MED2B,2e étage - Salle d'étude,2e étage - Salle d'étude,
665,LOC,MED2C,Magasin jeunesse,Magasin – se renseigner auprès d'un bibliothécaire,
666,LOC,MED2D,Magasin disco 2e étage,Magasin – se renseigner auprès d'un bibliothécaire,
667,LOC,MED3A,3e étage,3e étage,
668,LOC,MED3B,Espace Multimédia,Espace Multimédia,
669,LOC,MED3C,Magasin disco 3e étage,Magasin – se renseigner auprès d'un bibliothécaire,
670,LOC,MED3D,Mag Bibliothèque professionnelle,Magasin – se renseigner auprès d'un bibliothécaire,
671,LOC,MED3E,Mag Pôle adultes °8,Magasin – se renseigner auprès d'un bibliothécaire,
672,LOC,MED3F,Mag Pôle adultes °4,Magasin – se renseigner auprès d'un bibliothécaire,
673,LOC,MED3G,Mag Pôle adultes fol,Magasin – se renseigner auprès d'un bibliothécaire,
674,LOC,MED3H,Mag Pôle adultes BD,Magasin – se renseigner auprès d'un bibliothécaire,
675,LOC,MED3I,Mag Patrimoine °8,Consultable sur demande  en salle d'étude,
676,LOC,MED3J,Mag Patrimoine °4,Consultable sur demande  en salle d'étude,
677,LOC,MED3K,Mag Patrimoine fol.,Consultable sur demande  en salle d'étude,
678,LOC,MED3L,Mag Patrimoine Plan,Consultable sur demande  en salle d'étude,
679,LOC,MED3M,Mag Patrimoine BR 8,Consultable sur demande  en salle d'étude,
680,LOC,MED3N,Mag Patrimoine BR 4,Consultable sur demande  en salle d'étude,
681,LOC,MED3O,Mag Patrimoine RES 8,Consultable sur demande  en salle d'étude,
682,LOC,MED3P,Mag Patrimoine RES 4,Consultable sur demande  en salle d'étude,
683,LOC,MED3Q,Mag Patrimoine RES Fol,Consultable sur demande  en salle d'étude,
684,LOC,MED3R,Mag Patrimoine RES Plano,Consultable sur demande  en salle d'étude,
685,LOC,MED3S,Mag Patrimoine RES,Consultable sur demande  en salle d'étude,
686,LOC,MED3T,Mag Patrimoine,Consultable sur demande  en salle d'étude,
687,LOC,MUS1A,Musée La Piscine,Musée La Piscine,
1128,LOST,0,Non,,
689,LOST,1,Non restitué,Non restitué,
1201,LOST,2,Perdu,Perdu,
1609,malle,K001,Kamishibaï 1 - Miam !,,
1610,malle,K002,Kamishibaï 2 - Au fil de l'eau,,
1611,malle,K003,Kamishibaï 3 - Il était une fois !,,
1612,malle,K004,Kamishibaï 4 - Sortilèges,,
1868,malle,K005,Kamishibaï 5 - Historiettes,,
1869,malle,K006,Kamishibaï 6 - Laissez-vous conter !,,
1870,malle,K007,Kamishibaï 7 - Saisons en fêtes,,
1871,malle,K008,Kamishibaï 8 - Raconte-nous des histoires !,,
928,malle,MA001,MALLE 01 -FRANCE ET EUROPE,,
929,malle,MA002,MALLE 02 -CITOYENNETE,,
1614,malle,MA003,MALLE 03 - MONDE NUMÉRIQUE,,
1615,malle,MA004,MALLE 04 - MYTHOLOGIE,,
1797,malle,MA005,MALLE 05 - EMOTIONS ET SENTIMENTS,,
930,malle,MA006A,MALLE 06 -ENVIRONNEMENT,,
931,malle,MA006B,MALLE 6 BIS -ENVIRONNEMENT,,
1798,malle,MA007,MALLE 7 - ZERO DECHET,,
932,malle,MA008,MALLE 08 -ECRITURE ET HISTOIRE DU LIVRE,,
933,malle,MA009,MALLE 09 -DROITS DE L'HOMME ET DE L'ENFANT,,
1799,malle,MA010,MALLE 10 - FILLES ET GARCONS,,
934,malle,MA011,MALLE 11 -MUSIQUE,,
935,malle,MA012,MALLE 12 -HUMOUR,,
936,malle,MA013,MALLE 13 -JEUX DE MOTS,,
937,malle,MA014,MALLE 14 -FANTASTIQUE,,
1808,malle,MA014B,Malle 14 BIS - FANTASTIQUE,,
938,malle,MA015,MALLE 15 -FORET,,
1818,malle,MA016,MALLE 16 - CONTES CYCLE 2,,
939,malle,MA017,MALLE 17 -BANDE DESSINEE,,
1342,malle,MA017B,MALLE 17 BIS -BANDE DESSINEE,,
940,malle,MA018A,MALLE 18 A -CONTES EUROPEENS,,
941,malle,MA018B,MALLE 18 B -CONTES EUROPEENS,,
942,malle,MA018C,MALLE 18 BIS -CONTES DU MONDE ENTIER,,
943,malle,MA019A,MALLE 19 -ABECEDAIRE,,
944,malle,MA019B,MALLE 19 BIS -ABECEDAIRE,,
945,malle,MA019C,MALLE 19 TER -ABECEDAIRE,,
946,malle,MA020,MALLE 20 -CORPS HUMAIN,,
947,malle,MA021,MALLE 21 -ZOOLOGIE,,
1816,malle,MA022A,MALLE 22 A - EMI Primaire,,
1817,malle,MA022B, 	MALLE 22 B - EMI Secondaire,,
948,malle,MA023,MALLE 23 -INITIATION A L'ANGLAIS,,
1819,malle,MA024 ,MALLE 24 - FANTASTIQUE CYCLE 2,,
1820,malle,MA025,MALLE 25 - CITOYENNETE CYCLE 2,,
951,malle,MA026,MALLE 26 -ROMANS // CE,,
1343,malle,MA026B,MALLE 26 -ROMANS // CE BIS,,
952,malle,MA027,MALLE 27 -POESIE,,
953,malle,MA028,MALLE 28 -CINEMA,,
954,malle,MA029,MALLE 29 -SYSTEME SOLAIRE,,
955,malle,MA030A,MALLE 30 -MOYEN AGE,,
1821,malle,MA031,MALLE 31 - ECOLOGIE CYCLE 2,,
958,malle,MA032A,MALLE 32 A -NOEL,,
959,malle,MA032B,MALLE 32 B -NOEL,,
960,malle,MA032C,MALLE 32 C -NOEL,,
961,malle,MA032D,MALLE 32 D -NOEL,,
1822,malle,MA033,MALLE 33 - HUMOUR CYCLE 2,,
1823,malle,MA034,MALLE 34 - EMOTIONS ET SENTIMENTS CYCLE 2,,
1801,malle,MA035,MALLE 35 - ROMANS POLICIERS CE,,
1802,malle,MA035B,MALLE 35 BIS - ROMANS POLICIERS CE,,
962,malle,MA036A,MALLE 36 -CIRQUE,,
964,malle,MA037,MALLE 37 -ROMANS POLICIERS,,
1344,malle,MA037B,MALLE 37 -ROMANS POLICIERS BIS,,
965,malle,MA038A,MALLE 38 -THEATRE,,
966,malle,MA038B,MALLE 38 BIS -THEATRE,,
967,malle,MA039,MALLE 39 -TINTIN,,
1824,malle,MA040,MALLE 40 - BD CYCLE 2,,
968,malle,MA041,MALLE 41 -ROUBAIX AU FIL DU TEMPS ET NORD,,
969,malle,MA042,MALLE 42 -LA VILLE,,
970,malle,MA044,MALLE 44 -LA MER,,
971,malle,MA045,MALLE 45 -ROMANS // CP,,
1800,malle,MA045B,MALLE 45 BIS -ROMANS // CP,,
972,malle,MA046,MALLE 46 -LA MONTAGNE,,
973,malle,MA047,MALLE 47 -ANIMAUX DE LA FERME,,
1825,malle,MA048,MALLE 48 - ANIMAUX CYCLE 2,,
1826,malle,MA049,MALLE 49 - ANIMAUX DE LA FERME CYCLE 2,,
974,malle,MA053A,MALLE 53 -SORCIERES,,
975,malle,MA053B,MALLE 53 BIS -SORCIERES,,
976,malle,MA054,MALLE 54 -ARCHITECTURES ET HABITATS DU MONDE,,
977,malle,MA055,MALLE 55 -FABRIQUER ET JOUER,,
978,malle,MA057,MALLE 57 -ALIMENTATION,,
979,malle,MA059,MALLE 59 -PREHISTOIRE,,
980,malle,MA060,MALLE 60 -GRECS ET ROMAINS,,
981,malle,MA064,MALLE 64 -LES SAISONS,,
1836,malle,MA065,MALLE 65 - JAPON,,
1616,malle,MA066,MALLE 66 - AMÉRIQUE,,
1617,malle,MA067,MALLE 67 - OCÉANIE,,
982,malle,MA068,MALLE 68 -AFRIQUE,,
983,malle,MA070,MALLE 70 -LES MONSTRES,,
984,malle,MA071,MALLE 71 -LES LOUPS,,
1812,malle,MA072A,MALLE 72 -LIRE C'EST POSSIBLE,,
1813,malle,MA072B,MALLE 72 BIS -LIRE C'EST POSSIBLE,,
1814,malle,MA072C,MALLE 72 TER -LIRE C'EST POSSIBLE,,
1815,malle,MA072D,MALLE 72 QUATER -LIRE C'EST POSSIBLE,,
985,malle,MA073,MALLE 73 -ASIE,,
1804,malle,MA074,MALLE 74 - MARIE DORLEANS / MAGALI LE HUCHE,,
986,malle,MA075,MALLE 75 -DRAGONS ET DINOSAURES,,
987,malle,MA076,MALLE 76 -PLANTES ET JARDINS,,
1803,malle,MA077,MALLE 77- BEATRICE ALEMAGNA,,
988,malle,MA078,MALLE 78 -ANNE HERBAUTS,,
989,malle,MA079,MALLE 79 -CLAUDE PONTI,,
990,malle,MA080,MALLE 80 - Christian Voltz ,,
991,malle,MA081,MALLE 81 - Michaël Escoffier,,
992,malle,MA082,MALLE 82 -TOMI UNGERER,,
993,malle,MA083,MALLE 83 - Evasion nordique,,
995,malle,MA085,MALLE 85 -YVAN POMMAUX,,
996,malle,MA086,MALLE 86 -ANTHONY BROWNE,,
1827,malle,MA086B,MALLE 86 BIS - ANTHONY BROWNE,,
997,malle,MA0A1,MALLE A1 -IMAGIERS,,
998,malle,MA0A2A,MALLE A2 -LIVRES SANS TEXTE,,
999,malle,MA0A2B,MALLE A2 BIS -LIVRES SANS TEXTE,,
1001,malle,MA0A3A,MALLE A3 -LIVRES JEUX,,
1002,malle,MA0A3B,MALLE A3 BIS -LIVRES JEUX,,
1004,malle,MA0A4A,MALLE A4 -CHANSONS ET COMPTINES,,
1005,malle,MA0A4B,MALLE A4 BIS -CHANSONS ET COMPTINES,,
1006,malle,MA0A5A,MALLE A5 -CHAPERON ROUGE & CIE,,
1346,malle,MA0A6,MALLE A6 - BOUCLE D'OR ET COMPAGNIE,Boucle d'or et compagnie,
1347,malle,MA0A7,MALLE A7 - CONTES,,
1021,malle,MA0B10A,MALLE B10 -LA NOURRITURE ET LE GO,,
1022,malle,MA0B10B,MALLE B10 BIS -LA NOURRITURE ET LE GOUT,,
1023,malle,MA0B11A,MALLE B11 -LES CINQ SENS EN EVEIL,,
1025,malle,MA0B12,MALLE B12 -SEMONS PLANTONS ARROSONS : LA MAIN VERTE,,
1225,malle,MA0B12B,MALLE B12 BIS -SEMONS PLANTONS ARROSONS : LA MAIN VERTE,,
1026,malle,MA0B13,MALLE B13 -HUMOUR,,
1027,malle,MA0B14,MALLE B14 -L'ENFANCE DE L'ART,,
1028,malle,MA0B15,MALLE B15 -ANIMAUX ET ACTIVITES DE LA FERME,,
1029,malle,MA0B16,MALLE B16 -ECOLOGIE ET ENVIRONNEMENT,,
1030,malle,MA0B17,MALLE B17 -LA MAISON SOUS TOUS SES ANGLES,,
1031,malle,MA0B18,MALLE B18 -QUAND LES MOTS S'EN MELENT,,
1032,malle,MA0B19,MALLE B19 -LE TEMPS,,
1010,malle,MA0B2A,MALLE B2 -FORMES ET COULEURS,,
1011,malle,MA0B2B,MALLE B2 BIS -FORMES ET COULEURS,,
1012,malle,MA0B3A,MALLE B3 -CHIFFRES ET LETTRES,,
1013,malle,MA0B3B,MALLE B3 BIS -CHIFFRES ET LETTRES,,
1014,malle,MA0B4A,MALLE B4 -SONS ET MUSIQUE,,
1015,malle,MA0B4B,MALLE B4 BIS -SONS ET MUSIQUE,,
1016,malle,MA0B5,MALLE B5 -L'EAU ET LA MER,,
1224,malle,MA0B5B,MALLE B5 BIS  -L'EAU ET LA MER,,
1017,malle,MA0B6,MALLE B6 -LES MILIEUX NATURELS... AU FIL DES SAISONS,,
1018,malle,MA0B7,MALLE B7 -ANIMAUX DANS LEUR REALITE,,
1019,malle,MA0B8,MALLE B8 -ANIMAUX EN FOLIE,,
1020,malle,MA0B9,MALLE B9 -L'OBSERVATION / REGARDE BIEN,,
1033,malle,MA0C01,MALLE C1 -DE LA NAISSANCE VERS L'AUTONOMIE : LES PREMIERES ANNEES,,
1034,malle,MA0C02,MALLE C2 -VIVRE DANS SON CORPS ...,,
1036,malle,MA0C04,MALLE C4 -LES DOUDOUS,,
1037,malle,MA0C05,"MALLE C5 -PEUR, PAS PEUR !",,
1038,malle,MA0C06,MALLE C6 -EMOTIONS ET SENTIMENTS,,
1039,malle,MA0C07,"MALLE C7 -AVOIR DES AMIS , QUEL BONHEUR !",,
1040,malle,MA0C08,MALLE C8 -LA NUIT ET SES MYSTERES,,
1041,malle,MA0C09,MALLE C9 -POURQUOI ? PARLONS-EN,,
1042,malle,MA0C10,MALLE C10 -VIVRE EN FAMILLE,,
1043,malle,MA0C11,MALLE C11 -DANGERS // SECURITE,,
1044,malle,MA0C12,MALLE C12 -RELATIONS PARENTS/ENFANTS,,
1045,malle,MA0C13,MALLE C13 -SCHEMA CORPOREL,,
1047,malle,MA0D02A,MALLE D2 -LES LOUPS,,
1048,malle,MA0D02B,MALLE D2 BIS -LES LOUPS,,
1049,malle,MA0D03,"MALLE D3 -DES OURS, TOUJOURS DES OURS",,
1050,malle,MA0D05,"MALLE D5 -MONSTRES, OGRES, SORCIERES…",,
1051,malle,MA0E01,MALLE E1 -DECOUVRIR LA COLLECTIVITE :  HORS DE LA MAISON,,
1052,malle,MA0E02,MALLE E2 -AUTOUR DU MONDE,,
1053,malle,MA0E03A,MALLE E3 -TOUS DIFFERENTS : AVOIR SA PLACE PARMI LES AUTRES,,
1202,malle,MA0E04,MALLE E4 -ASIE,MALLE E4 -ASIE,
1203,malle,MA0E05,MALLE E5 Amérique,MALLE E5 Amérique,
1204,malle,MA0E06,MALLE E6 Afrique ,MALLE E6 Afrique ,
1407,malle,MA0E08A, MALLE E8- VIVRE ENSEMBLE, MALLE E8- VIVRE ENSEMBLE,
1056,malle,MA0F02A,MALLE F2 -SPECTACLES ET CIRQUE,,
1057,malle,MA0F02B,MALLE F2 BIS -SPECTACLES ET CIRQUE,,
1058,malle,MA0F03,MALLE F3 -FETES ET ANNIVERSAIRES,,
1059,malle,MA0F04A,MALLE F4 A -NOEL,,
1060,malle,MA0F04B,MALLE F4   B -NOEL,,
1061,malle,MA0F04C,MALLE F4   C -NOEL,,
1062,malle,MA0F04D,MALLE F4   D -NOEL,,
1849,malle,MA0FALAD,MALLE FAL - ADOS,,
1852,malle,MA0FALDE,MALLE FAL - DEBUTANT,,
1850,malle,MA0FALEM,MALLE FAL - EMOTIONS,,
1848,malle,MA0FALFE,MALLE FAL - FEMMES,,
1853,malle,MA0FALI1,MALLE FAL - INTERMEDIAIRE 1,,
1854,malle,MA0FALI2,MALLE FAL - INTERMEDIAIRE 2,,
1851,malle,MA0FALVQ,MALLE FAL - VIE QUOTIDIENNE,,
1411,malle,MA0G01,Classpat 1,Classpat 1,
1412,malle,MA0G02,Classpat 2,Classpat 2,
1413,malle,MA0G03,Classpat 3,Classpat 3,
1414,malle,MA0G04,Classpat 4,Classpat 4,
1415,malle,MA0G05,Classpat 5,Classpat 5,
1063,malle,MA0L01,MALLE  LISETTE PAS SI BETE,,
1064,malle,MA0L02,MALLE LISETTE BOUCLETTE,,
1065,malle,MA0L03,MALLE  LISETTE ECOLE CARREMENT CHOUETTE,,
1066,malle,MA0L04,MALLE LISETTE GOUTTELETTE,,
1067,malle,MA0L05,MALLE LISETTE PIROUETTE,,
1068,malle,MA0L06,MALLE LISETTE SILHOUETTE,,
1069,malle,MA0L07,MALLE LISETTE CALINETTE,,
1175,malle,MA0M05,MALLE LECTURE ANNABELLA,Malle Lecture Annabella,
1176,malle,MA0M06,MALLE LECTURE BUSTER,Malle Lecture Buster,
1177,malle,MA0M07,MALLE LECTURE CHAÏM,Malle Lecture Chaïm,
1178,malle,MA0M08,MALLE LECTURE DIANE,Malle Lecture Diane,
1179,malle,MA0M09,MALLE LECTURE ENRIQUETTA,Malle Lecture Enriquetta,
1180,malle,MA0M10,MALLE LECTURE FATOUMATA,Malle Lecture Fatoumata,
1181,malle,MA0M11,MALLE LECTURE GARY,Malle Lecture Gary,
1182,malle,MA0M12,MALLE LECTURE GLORIA,Malle Lecture Gloria,
1183,malle,MA0M13,MALLE LECTURE GWENDOLINE,Malle Lecture Gwendoline,
1184,malle,MA0M14,MALLE LECTURE LEA,Malle Lecture Léa,
1185,malle,MA0M15,MALLE LECTURE OLIVE,Malle Lecture Olive,
1186,malle,MA0M16,MALLE LECTURE PAOLO,Malle Lecture Paolo,
1187,malle,MA0M17,MALLE LECTURE PHILIPPE,Malle Lecture Philippe,
1188,malle,MA0M18,MALLE LECTURE RACHID,Malle Lecture Rachid,
1189,malle,MA0M19,MALLE LECTURE SYLVIE,Malle Lecture Sylvie,
1190,malle,MA0M20,MALLE LECTURE YOKO,Malle Lecture Yoko,
1191,malle,MA0M21,MALLE LECTURE GAETAN,Malle lecture Gaëtan,
1837,malle,MA0PMCH,MALLE PM CHOUCOU,,
1838,malle,MA0PMCO,MALLE PM COCOTTE,,
1839,malle,MA0PMGE,MALLE PM GEORGE,,
1840,malle,MA0PMKA,MALLE PM KAKI,,
1841,malle,MA0PMMI,MALLE PM MICHA,,
1842,malle,MA0PMNI,MALLE PM NINA,,
1843,malle,MA0PMNO,MALLE PM NONO,,
1844,malle,MA0PMOM,MALLE PM OMAR,,
1845,malle,MA0PMPE,MALLE PM PEDRO,,
1846,malle,MA0PMPO,MALLE PM POPOV,,
1847,malle,MA0PMZA,MALLE PM ZAZA,,
1408,malle,MAE0E08B, MALLE E8 BIS- VIVRE ENSEMBLE, MALLE E8 BIS- VIVRE ENSEMBLE,
1416,ORDER_CANCELLATION_REASON,0,No reason provided,,
1417,ORDER_CANCELLATION_REASON,1,Out of stock,,
1418,ORDER_CANCELLATION_REASON,2,Restocking,,
1833,PAYMENT_TYPE,CASH,Espèces,,
1834,PAYMENT_TYPE,CB,Carte bancaire,,
1835,PAYMENT_TYPE,CHQ,Chèque,,
1828,PAYMENT_TYPE,SIP00,Cash via SIP2,,
1829,PAYMENT_TYPE,SIP01,VISA via SIP2,,
1830,PAYMENT_TYPE,SIP02,Creditcard via SIP2,,
1100,PCS,PCS01,Agriculteurs exploitants,,
1101,PCS,PCS02,"Artisans, commerçants et chefs d'entreprise",,
1102,PCS,PCS03,Cadres et professions intellectuelles supérieures,,
1103,PCS,PCS04,Professions Intermédiaires,,
1104,PCS,PCS05,Employés,,
1105,PCS,PCS06,Ouvriers,,
1106,PCS,PCS07,Retraités,,
1107,PCS,PCS08,Lycéens,,
1108,PCS,PCS09,Etudiants,,
1109,PCS,PCS10,Autres personnes sans activité professionnelle,,
924,publicC,a,Jeune public,,
923,publicC,m,Public adulte,,
524,qualif,0,Fonction indéterminée,,
525,qualif,5,Acteur,,
526,qualif,10,Adaptateur,,
527,qualif,18,Auteur de l'animation,,
528,qualif,20,Annotateur,,
529,qualif,30,"Arrangeur, auteur d'une réduction. ",,
530,qualif,40,Artiste,,
531,qualif,50,Nouveau détenteur du privilège,,
532,qualif,60,Nom associé à l'exemplaire,,
533,qualif,65,Commissaire-priseur,,
534,qualif,70,Auteur,,
535,qualif,72,Auteur d'une citation ou d'extrait,,
536,qualif,75,Postfacier,,
537,qualif,80,"Préfacier, auteur d'introduction",,
538,qualif,90,Auteur des dialogues ou des commentaires,,
539,qualif,100,Auteur de l'oeuvre adaptée,,
540,qualif,110,Relieur,,
541,qualif,120,Décorateur ou dessinateur de la reliure,,
542,qualif,130,Maquettiste,,
543,qualif,140,Dessinateur de la jaquette,,
544,qualif,150,Dessinateur de l'ex-libris,,
545,qualif,160,Libraire,,
546,qualif,170,Calligraphe,,
547,qualif,180,Cartographe,,
548,qualif,190,Censeur,,
549,qualif,195,Chef de choeur,,
550,qualif,200,Chorégraphe,,
551,qualif,202,Artiste de cirque,,
552,qualif,205,Collaborateur,,
553,qualif,206,Collecteur,,
554,qualif,207,Humoriste,,
555,qualif,210,Commentateur (audiovisuel),,
556,qualif,212,Commentateur de texte écrit,,
557,qualif,220,Compilateur,,
558,qualif,230,Compositeur,,
559,qualif,233,Compositeur de l'oeuvre adaptée,,
560,qualif,236,Compositeur de l'oeuvre principale,,
561,qualif,240,Compositeur typographe,,
562,qualif,245,Concepteur,,
563,qualif,250,Chef d'orchestre,,
564,qualif,255,Consultant de projet,,
565,qualif,257,Continuateur,,
566,qualif,260,Détenteur du copyright,,
567,qualif,270,Correcteur (manuscrits),,
568,qualif,273,Commissaire d'exposition,,
569,qualif,275,Danseur,,
570,qualif,280,Dédicataire,,
571,qualif,290,Auteur d'une dédicace,,
572,qualif,295,Organisme de soutenance,,
573,qualif,300,Metteur en scène ou Réalisateur,,
574,qualif,303,Disc jockey,,
575,qualif,305,Doctorant,,
576,qualif,310,Distributeur,,
577,qualif,320,Donateur,,
578,qualif,330,Auteur présumé,,
579,qualif,340,Éditeur scientifique,,
580,qualif,350,Graveur,,
581,qualif,360,Aquafortiste,,
582,qualif,365,Expert (catalogue de vente),,
583,qualif,370,Réalisateur,,
585,qualif,380,Faussaire,,
586,qualif,390,Ancien possesseur,,
587,qualif,395,Fondateur (publication en série),,
588,qualif,400,Mécène,,
589,qualif,410,Technicien graphique,,
590,qualif,420,Personne honorée,,
591,qualif,430,Enlumineur,,
592,qualif,440,Illustrateur,,
593,qualif,445,Imprésario,,
594,qualif,450,Auteur de l'envoi,,
595,qualif,460,Personne interviewée,,
596,qualif,470,Interviewer,,
597,qualif,475,Collectivité éditrice,,
598,qualif,480,Librettiste,,
599,qualif,490,Détenteur de la licence,,
600,qualif,500,Concédant de licence,,
601,qualif,510,Lithographe,,
602,qualif,520,Parolier,,
603,qualif,530,Graveur sur métal,,
604,qualif,535,Mime,,
605,qualif,540,Moniteur,,
606,qualif,545,Musicien,,
607,qualif,555,Membre du jury,,
608,qualif,557,Organisateur de congrès,,
609,qualif,560,Instigateur,,
610,qualif,570,Autres,,
655,qualif,571,Coordinateur,,
656,qualif,573,Diffuseur,,
657,qualif,574,Présentateur,,
658,qualif,575,Responsable,,
611,qualif,580,Fabriquant du papier,,
612,qualif,582,Demandeur du brevet,,
613,qualif,584,Inventeur,,
614,qualif,587,Titulaire du brevet,,
615,qualif,590,Interprète,,
616,qualif,595,Directeur de la recherche,,
617,qualif,600,Photographe,,
618,qualif,605,Présentateur,,
619,qualif,610,Imprimeur,,
620,qualif,620,Imprimeur de gravures,,
621,qualif,630,Producteur,,
622,qualif,632,"Directeur artistique, scénographe",,
623,qualif,633,Membre de l’équipe de production,,
624,qualif,635,Programmeur,,
625,qualif,637,Chef de projet,,
626,qualif,640,Correcteur sur épreuves,,
627,qualif,650,Éditeur commercial,,
628,qualif,651,Directeur de la publication,,
629,qualif,655,Marionnettiste,,
630,qualif,660,Destinataire de lettres,,
631,qualif,670,Ingénieur du son,,
632,qualif,672,Remixeur,,
633,qualif,673,Directeur de recherches,,
634,qualif,675,Critique,,
635,qualif,677,Chercheur,,
636,qualif,680,Rubricateur,,
637,qualif,690,Scénariste,,
638,qualif,695,Conseiller scientifique,,
639,qualif,700,Copiste,,
640,qualif,705,Sculpteur,,
641,qualif,710,Rédacteur,,
642,qualif,720,Signataire,,
643,qualif,721,Chanteur,,
644,qualif,723,Commanditaire,,
645,qualif,725,Organisme de normalisation,,
646,qualif,726,Cascadeur,,
647,qualif,727,Directeur de thèse,,
648,qualif,730,Traducteur,,
649,qualif,740,Concepteur de caractères,,
650,qualif,750,Typographe,,
651,qualif,753,Vendeur,,
652,qualif,755,Exécutant vocal,,
653,qualif,760,Graveur sur bois,,
654,qualif,770,Auteur du matériel d'accompagnement,,
1120,REPORT_GROUP,adh,Adhérents,,
1172,REPORT_GROUP,adm,Pôle administratif,,
1598,REPORT_GROUP,BUS,Zèbre,,
1119,REPORT_GROUP,cat,Catalogue,,
1174,REPORT_GROUP,CDOC,Circuit du document,,
1173,REPORT_GROUP,col,Collectivités,,
1121,REPORT_GROUP,crc,Prêts,,
1856,REPORT_GROUP,data,Data,,
1855,REPORT_GROUP,REC,Récolement,,
1122,REPORT_GROUP,resa,Réservations,,
1200,REPORT_GROUP,RPT_ADM,Administration,,
1419,REPORT_GROUP,SER,Serials,,
1126,REPORT_SUBGROUP,aut,Autorités,cat,
1124,REPORT_SUBGROUP,bib,Notices Bib,cat,
1858,REPORT_SUBGROUP,biblio,biblio,data,
1857,REPORT_SUBGROUP,data_bib,Bilio,data,
1123,REPORT_SUBGROUP,ex,Exemplaires,cat,
1125,REPORT_SUBGROUP,per,Périodiques,cat,
1345,REPORT_SUBGROUP,QA,Qualité fichier,adh,
1127,REPORT_SUBGROUP,ven,Vendangeur,cat,
1604,REPORT_SUBGROUP,WS_CDOC,Webservice,CDOC,
1315,REPORT_SUBGROUP,WS_RESA,Webservice,resa,
925,restriction,Age 12,Interdit moins de 12 ans,,
926,restriction,Age 16,Interdit moins de 16 ans,,
927,restriction,Age 18,Interdit moins de 18 ans,,
1149,RETIRECOLL,0,Non,,
1150,RETIRECOLL,1,Désherbé,,
1151,RETIRECOLL,2,Non consultable,,
1882,RETIRECOLL,3,Retard > 90 jours,,
1832,RETURN_CLAIM_RESOLUTION,FOUND_IN_LIB,Found in library,,
1831,RETURN_CLAIM_RESOLUTION,RET_BY_PATRON,Returned by patron,,
1205,ROADTYPE,1,Avenue,Avenue,
1206,ROADTYPE,2,Boulevard,Boulevard,
1207,ROADTYPE,3,Rue,Rue,
1208,ROADTYPE,4,Chemin,Chemin,
1209,ROADTYPE,5,Impasse,Impasse,
1210,ROADTYPE,6,Faubourg,Faubourg,
1211,ROADTYPE,7,Route,Route,
1212,SIP_MEDIA_TYPE,0,Other,,
1213,SIP_MEDIA_TYPE,1,Book,,
1214,SIP_MEDIA_TYPE,2,Magazine,,
1215,SIP_MEDIA_TYPE,3,Bound journal,,
1216,SIP_MEDIA_TYPE,4,Audio tape,,
1217,SIP_MEDIA_TYPE,5,Video tape,,
1218,SIP_MEDIA_TYPE,6,CD/CDROM,,
1219,SIP_MEDIA_TYPE,7,Diskette,,
1220,SIP_MEDIA_TYPE,8,Book with diskette,,
1221,SIP_MEDIA_TYPE,9,Book with CD,,
1222,SIP_MEDIA_TYPE,10,Book with audio tape,,
1872,SUGGEST,1,Ce document est déjà présent dans nos collections. Une réservation a été effectuée à votre nom.,,
1873,SUGGEST,2,"Ce document n’est pas disponible chez notre fournisseur, nous ne pouvons pas nous le procurer.",,
1874,SUGGEST,3,Ce document n’est pas encore paru. Merci de renouveler votre suggestion ultérieurement.,,
1875,SUGGEST,4,Ce document est actuellement indisponible. Merci de renouveler votre suggestion ultérieurement.,,
1876,SUGGEST,5,Ce titre est introuvable. Pourriez-vous vérifier vos références s'il vous plaît ?,,
1877,SUGGEST,6,"En raison d’un grand nombre de suggestions, nous privilégions l’achat de nouveautés.",,
1878,SUGGEST,7,Il y a peu de retours critiques sur ce document et / ou ils sont mitigés.,,
1879,SUGGEST,8,Le coût de ce document est trop élevé.,,
1880,SUGGEST,9,"Ce document s’adresse à un public restreint, son contenu est trop spécialisé pour notre établissement.",,
1881,SUGGEST,10,La Médiathèque possède déjà plusieurs titres sur le même sujet / du même auteur.,,
1421,SUGGEST_FORMAT,PRETBD,Prêt de bandes dessinées,Prêt de bandes dessinées,
1422,SUGGEST_FORMAT,PRETCAR,Prêt de cartes routières,Prêt de cartes routières,
1425,SUGGEST_FORMAT,PRETDVD,Prêt de DVD,Prêt de DVD,
1420,SUGGEST_FORMAT,PRETLIV,Prêt d'imprimés,Prêt d'imprimés,
1426,SUGGEST_FORMAT,PRETLS,Prêt de livres audio,Prêt de livres audio,
1427,SUGGEST_FORMAT,PRETMAT,"Prêt de matériel (casque audio, clé USB, ...)","Prêt de matériel (casque audio, clé USB, ...)",
1423,SUGGEST_FORMAT,PRETMUL,Prêt de documents multimédia,Prêt de documents multimédia,
1428,SUGGEST_FORMAT,PRETPAR,Prêt de partitions,Prêt de partitions,
1429,SUGGEST_FORMAT,PRETPER,Prêt de périodiques,Prêt de périodiques,
1424,SUGGEST_FORMAT,PRETSON,Prêt de documents sonores,Prêt de documents sonores,
1167,TYPEDOC,AP,Périodique - article,Article,
690,TYPEDOC,CA,Carte routière,Carte routière,
691,TYPEDOC,CR,CD-ROM,CD-ROM,
692,TYPEDOC,DC,Disque compact,CD,
693,TYPEDOC,DG,Disque gomme-laque,Disque 78 tours,
694,TYPEDOC,DV,Disque microsillon,Disque vinyle,
695,TYPEDOC,IC,Document iconographique,Document iconographique,
696,TYPEDOC,JE,Jeu,Jeu,
697,TYPEDOC,K7,Cassette audio,Cassette audio,
698,TYPEDOC,LG,Livre en gros caractères,Livre en gros caractères,
699,TYPEDOC,LI,Livre,Livre,
1192,TYPEDOC,LN,Livre numérique,Livre numérique,
700,TYPEDOC,LS,Livre audio,Livre audio,
701,TYPEDOC,ML,Méthode de langue,Méthode de langue,
1349,TYPEDOC,MT,Matériel,,
702,TYPEDOC,PA,Partition,Partition,
703,TYPEDOC,PE,Périodique,Périodique,
704,TYPEDOC,VD,DVD,DVD,
705,TYPEDOC,VI,"VHS, UMATIC ou film",Cassette vidéo ou bande,
1432,unimarc_181c,cod,données informatiques,,
1433,unimarc_181c,cop,programme informatique,,
1434,unimarc_181c,crd,données cartographiques,,
1435,unimarc_181c,crf,forme cartographique tridimensionnelle,,
1436,unimarc_181c,cri,image cartographique,,
1437,unimarc_181c,crm,image cartographique animée,,
1438,unimarc_181c,crn,forme cartographique tridimensionnelle tactile,,
1431,unimarc_181c,crt,image cartographique tactile,,
1439,unimarc_181c,ntm,musique notée,,
1440,unimarc_181c,ntv,mouvement noté,,
1441,unimarc_181c,prm,musique exécutée,,
1442,unimarc_181c,snd,sons,,
1443,unimarc_181c,spw,parole énoncée,,
1444,unimarc_181c,sti,image fixe,,
1445,unimarc_181c,tcf,forme tridimensionnelle tactile,,
1446,unimarc_181c,tci,image tactile,,
1447,unimarc_181c,tcm,musique notée tactile,,
1448,unimarc_181c,tcn,mouvement noté tactile,,
1449,unimarc_181c,tct,texte tactile,,
1450,unimarc_181c,tdf,forme tridimensionnelle,,
1451,unimarc_181c,tdi,image animée bidimensionnelle,,
1452,unimarc_181c,tdm,image animée tridimensionnelle,,
1453,unimarc_181c,txt,texte,,
1454,unimarc_181c,xxx,autre,,
1455,unimarc_182a,a,audio,,
1456,unimarc_182a,b,électronique,,
1457,unimarc_182a,c,microforme,,
1458,unimarc_182a,d,microscopique,,
1459,unimarc_182a,e,projeté,,
1460,unimarc_182a,f,stéréographique,,
1461,unimarc_182a,g,video,,
1462,unimarc_182a,m,multisupport,,
1463,unimarc_182a,n,sans médiation,,
1464,unimarc_182a,z,autre,,
1466,unimarc_182c,cod,données informatiques,,
1467,unimarc_182c,cop,programme informatique,,
1468,unimarc_182c,crd,données cartographiques,,
1469,unimarc_182c,crf,forme cartographique tridimensionnelle,,
1470,unimarc_182c,cri,image cartographique,,
1471,unimarc_182c,crm,image cartographique animée,,
1472,unimarc_182c,crn,forme cartographique tridimensionnelle tactile,,
1465,unimarc_182c,crt,image cartographique tactile,,
1473,unimarc_182c,ntm,musique notée,,
1474,unimarc_182c,ntv,mouvement noté,,
1475,unimarc_182c,prm,musique exécutée,,
1476,unimarc_182c,snd,sons,,
1477,unimarc_182c,spw,parole énoncée,,
1478,unimarc_182c,sti,image fixe,,
1479,unimarc_182c,tcf,forme tridimensionnelle tactile,,
1480,unimarc_182c,tci,image tactile,,
1481,unimarc_182c,tcm,musique notée tactile,,
1482,unimarc_182c,tcn,mouvement noté tactile,,
1483,unimarc_182c,tct,texte tactile,,
1484,unimarc_182c,tdf,forme tridimensionnelle,,
1485,unimarc_182c,tdi,image animée bidimensionnelle,,
1486,unimarc_182c,tdm,image animée tridimensionnelle,,
1487,unimarc_182c,txt,texte,,
1488,unimarc_182c,xxx,autre,,
1489,unimarc_183a,caa,Supports électroniques (c) : Bobine de bande informatique,,
1490,unimarc_183a,cab,Supports électroniques (c) : Cartouche informatique,,
1491,unimarc_183a,cac,Supports électroniques (c) : Cassette de bande informatique,,
1492,unimarc_183a,cad,Supports électroniques (c) : Dispositif électronique autonome,,
1493,unimarc_183a,cae,Supports électroniques (c) : Mémoire USB,,
1494,unimarc_183a,caf,Supports électroniques (c) : Puce RFID,,
1495,unimarc_183a,caz,Supports électroniques (c) : Support numérique manipulable (générique),,
1496,unimarc_183a,cba,Supports électroniques (c) : Carte mémoire,,
1497,unimarc_183a,cbb,Supports électroniques (c) : Carte mémoire propriétaire,,
1498,unimarc_183a,cca,Supports électroniques (c) : Cartouche de jeu,,
1499,unimarc_183a,cda,Supports électroniques (c) : Blu-ray disc,,
1500,unimarc_183a,cdb,Supports électroniques (c) : Blu-ray disc propriétaire,,
1501,unimarc_183a,cdc,Supports électroniques (c) : CD-I,,
1502,unimarc_183a,cdd,Supports électroniques (c) : CD-Photo,,
1503,unimarc_183a,cde,Supports électroniques (c) : CD-ROM,,
1504,unimarc_183a,cdf,Supports électroniques (c) : CD-ROM propriétaire,,
1505,unimarc_183a,cdg,Supports électroniques (c) : CDTV,,
1506,unimarc_183a,cdh,Supports électroniques (c) : Disque optique hybride,,
1507,unimarc_183a,cdi,Supports électroniques (c) : Disquette,,
1508,unimarc_183a,cdj,Supports électroniques (c) : Disquette propriétaire,,
1509,unimarc_183a,cdk,Supports électroniques (c) : DVD-ROM,,
1510,unimarc_183a,cdl,Supports électroniques (c) : DVD-ROM propriétaire,,
1511,unimarc_183a,cea,Supports électroniques (c) : Clé de licence de produit numérique,,
1512,unimarc_183a,ceb,Supports électroniques (c) : Ressource dématérialisée,,
1513,unimarc_183a,czz,Supports électroniques (c) : Autre support électronique,,
1514,unimarc_183a,eaa,Supports matériels stéréoscopiques (e) : Carte stéréoscopique,,
1515,unimarc_183a,eab,Supports matériels stéréoscopiques (e) : Disque stéréoscopique,,
1516,unimarc_183a,eac,Supports matériels stéréoscopiques (e) : Plaque stéréoscopique,,
1517,unimarc_183a,ezz,Supports matériels stéréoscopiques (e) : Autre support stéréoscopique,,
1518,unimarc_183a,gab,Supports pour les images projetées (g) : Bobine de film,,
1519,unimarc_183a,gac,Supports pour les images projetées (g) : Cartouche de film fixe,,
1520,unimarc_183a,gad,Supports pour les images projetées (g) : Diapositive,,
1521,unimarc_183a,gae,Supports pour les images projetées (g) : Film fixe,,
1522,unimarc_183a,gaf,Supports pour les images projetées (g) : Film fixe court,,
1523,unimarc_183a,gag,Supports pour les images projetées (g) : Rouleau de film,,
1524,unimarc_183a,gah,Supports pour les images projetées (g) : Transparent pour rétroprojecteur,,
1525,unimarc_183a,gaz,Supports pour les images projetées (g) : Film ou transparent (générique),,
1526,unimarc_183a,gba,Supports pour les images projetées (g) : Plaque de lanterne magique,,
1527,unimarc_183a,gzz,Supports pour les images projetées (g) : Autre support pour les images projetées,,
1528,unimarc_183a,haa,Supports matériels pour les microformes (h) : Carte à fenêtre,,
1529,unimarc_183a,hab,Supports matériels pour les microformes (h) : Cassette de microfiches,,
1530,unimarc_183a,hac,Supports matériels pour les microformes (h) : Micro-opaque,,
1531,unimarc_183a,had,Supports matériels pour les microformes (h) : Microfiche,,
1532,unimarc_183a,haz,Supports matériels pour les microformes (h) : Microforme (générique),,
1533,unimarc_183a,hba,Supports matériels pour les microformes (h) : Bande de microfilm,,
1534,unimarc_183a,hbb,Supports matériels pour les microformes (h) : Bobine de microfilm,,
1535,unimarc_183a,hbc,Supports matériels pour les microformes (h) : Cartouche de microfilm,,
1536,unimarc_183a,hbd,Supports matériels pour les microformes (h) : Cassette de microfilm,,
1537,unimarc_183a,hbe,Supports matériels pour les microformes (h) : Rouleau de microfilm,,
1538,unimarc_183a,hbz,Supports matériels pour les microformes (h) : Microfilm,,
1539,unimarc_183a,hzz,Supports matériels pour les microformes (h) : Autre support pour les microformes,,
1540,unimarc_183a,naa,Supports sans médiation (n) : Carte,,
1541,unimarc_183a,nba,Supports sans médiation (n) : Bande de film photographique,,
1542,unimarc_183a,nbb,Supports sans médiation (n) : Bobine de film photographique,,
1543,unimarc_183a,nbc,Supports sans médiation (n) : Rouleau de film photographique,,
1544,unimarc_183a,nbz,Supports sans médiation (n) : Film photographique (terme générique),,
1545,unimarc_183a,nca,Supports sans médiation (n) : Tableau à feuilles mobiles,,
1546,unimarc_183a,nda,Supports sans médiation (n) : Feuille,,
1547,unimarc_183a,ndb,Supports sans médiation (n) : Autocollant,,
1548,unimarc_183a,ndc,Supports sans médiation (n) : Dépliant,,
1549,unimarc_183a,ndd,Supports sans médiation (n) : Transparent,,
1550,unimarc_183a,nea,Supports sans médiation (n) : Appareil (terme générique),,
1551,unimarc_183a,neb,Supports sans médiation (n) : Globe,,
1552,unimarc_183a,nec,Supports sans médiation (n) : Kit,,
1553,unimarc_183a,ned,Supports sans médiation (n) : Maquette,,
1554,unimarc_183a,nef,Supports sans médiation (n) : Matrice,,
1555,unimarc_183a,neg,Supports sans médiation (n) : Objet numismatique,,
1556,unimarc_183a,neh,Supports sans médiation (n) : Panneau,,
1557,unimarc_183a,nei,Supports sans médiation (n) : Panneau dépliant,,
1558,unimarc_183a,nej,Supports sans médiation (n) : Plaque,,
1559,unimarc_183a,nek,Supports sans médiation (n) : Plaque photographique,,
1560,unimarc_183a,nel,Supports sans médiation (n) : Plateau de jeu,,
1561,unimarc_183a,nez,Supports sans médiation (n) : Objet,,
1562,unimarc_183a,nfa,Supports sans médiation (n) : Rouleau,,
1563,unimarc_183a,nga,Supports sans médiation (n) : Volume,,
1564,unimarc_183a,ngb,Supports sans médiation (n) : Brochure,,
1565,unimarc_183a,ngc,Supports sans médiation (n) : Fascicule,,
1566,unimarc_183a,nzz,Supports sans médiation (n) : Autre support sans médiation,,
1567,unimarc_183a,paa,Supports matériels microscopiques (p) : Lame pour microscope,,
1568,unimarc_183a,pzz,Supports matériels microscopiques (p) : Autre support microscopique,,
1569,unimarc_183a,saa,Supports audio (s) : Bande magnétique audio,,
1570,unimarc_183a,sab,Supports audio (s) : Bobine de piste sonore,,
1571,unimarc_183a,sac,Supports audio (s) : Bande perforée pour instrument mécanique,,
1572,unimarc_183a,saz,Supports audio (s) : Support audio (générique),,
1573,unimarc_183a,sba,Supports audio (s) : Cartouche audio,,
1574,unimarc_183a,sbb,Supports audio (s) : Bande TEFI,,
1575,unimarc_183a,sca,Supports audio (s) : Cassette audio analogique,,
1576,unimarc_183a,scb,Supports audio (s) : Cassette audio numérique,,
1577,unimarc_183a,sda,Supports audio (s) : Cylindre phonographique,,
1578,unimarc_183a,sdb,Supports audio (s) : Fil magnétique,,
1579,unimarc_183a,sdc,Supports audio (s) : Ruban métallique magnétique,,
1580,unimarc_183a,sea,Supports audio (s) : CD audio,,
1581,unimarc_183a,seb,Supports audio (s) : CD-Extra,,
1582,unimarc_183a,sec,Supports audio (s) : Disque audio,,
1583,unimarc_183a,sed,Supports audio (s) : DVD audio,,
1584,unimarc_183a,see,Supports audio (s) : Feuille acoustique,,
1585,unimarc_183a,sef,Supports audio (s) : MiniDisc,,
1586,unimarc_183a,seg,Supports audio (s) : Blu-ray audio,,
1587,unimarc_183a,szz,Supports audio (s) : Autre support vidéo,,
1588,unimarc_183a,vaa,Supports vidéo (v) : Bande vidéo,,
1589,unimarc_183a,vaz,Supports vidéo (v) : Vidéo (Terme générique),,
1590,unimarc_183a,vba,Supports vidéo (v) : Cassette vidéo,,
1591,unimarc_183a,vbb,Supports vidéo (v) : Cassette vidéo numérique,,
1592,unimarc_183a,vca,Supports vidéo (v) : Blu-ray vidéo,,
1593,unimarc_183a,vcb,Supports vidéo (v) : Disque vidéo,,
1594,unimarc_183a,vcc,Supports vidéo (v) : DVD vidéo,,
1595,unimarc_183a,vcd,Supports vidéo (v) : HD DVD,,
1596,unimarc_183a,vce,Supports vidéo (v) : Vidéo CD,,
1597,unimarc_183a,vzz,Supports vidéo (v) : Autre support vidéo,,
1601,unimarc_systemes_indexation,rameau,Rameau,Rameau,
1602,unimarc_systemes_indexation,rbxRomJ,Romans jeunesse (Roubaix),Romans jeunesse (Roubaix),
1110,V091a,0,aucune action,,
1111,V091a,1,autorités seulement,,
1112,V091a,2,notice bibliographique et autorités,,
1113,V091c,0,notice non remplacée,,
1114,V091c,1,notice remplacée,,
1148,YES_NO,0,Non,,
1118,YES_NO,1,Oui,,
